Model,RMSE,R²
RandomForest_Reg,0.03792059329232469,0.7268138674378356
XGBoost_Reg,0.03666739537524511,0.7445719864990903
LinearRegression,3.1079688821942834e-16,1.0
